"total_responses","total_sample_size"
"247766.82136179978","1.97152085332E7"
